[
    {
        "model": "tournaments.tournament",
        "pk": 1,
        "fields": {
            "name": "Coupe du monde de football",
            "place": "France",
            "date": "2005-05-01",
            "N_pools": 2,
            "N_teams_per_pools": 2
        }
    },
    {
        "model": "tournaments.tournament",
        "pk": 2,
        "fields": {
            "name": "Tournoi de Golf",
            "place": "Bordeaux",
            "date": "2022-09-05",
            "N_pools": 2,
            "N_teams_per_pools": 2
        }
    },
    {
        "model": "tournaments.tournament",
        "pk": 3,
        "fields": {
            "name": "Tournoi de Basket",
            "place": "Montréal",
            "date": "2018-08-04",
            "N_pools": 2,
            "N_teams_per_pools": 3
        }
    },
    {
        "model": "tournaments.team",
        "pk": 1,
        "fields": {
            "name": "Dream Team",
            "coach_name": "Mr. Beast",
            "team_members": "Barnabé, Iseult, Tristan",
            "pool_points": 0,
            "scored": 0,
            "conceded": 0
        }
    },
    {
        "model": "tournaments.team",
        "pk": 2,
        "fields": {
            "name": "Cucumber Team",
            "coach_name": "Morty",
            "team_members": "Rick, Morty",
            "pool_points": 0,
            "scored": 0,
            "conceded": 0
        }
    },
    {
        "model": "tournaments.team",
        "pk": 3,
        "fields": {
            "name": "Sarwell Team",
            "coach_name": "Ausias Gamisans",
            "team_members": "f.frances c.garion",
            "pool_points": 0,
            "scored": 0,
            "conceded": 0
        }
    },
    {
        "model": "tournaments.team",
        "pk": 4,
        "fields": {
            "name": "Django Team",
            "coach_name": "Tanguy Pérennou",
            "team_members": "Tanguy Pérennou, Bruno Ilponse, Thierry Salomon",
            "pool_points": 0,
            "scored": 0,
            "conceded": 0
        }
    },
    {
        "model": "tournaments.team",
        "pk": 5,
        "fields": {
            "name": "Squid Team",
            "coach_name": "Mr. Poulpy",
            "team_members": "Mr. Squeed, Mr. Poulpy, Al Ploup",
            "pool_points": 0,
            "scored": 0,
            "conceded": 0
        }
    },
    {
        "model": "tournaments.team",
        "pk": 6,
        "fields": {
            "name": "Liberty Team",
            "coach_name": "SartMOS",
            "team_members": "AloA, Grocéan, Clopez, SartMOS, Orianou",
            "pool_points": 0,
            "scored": 0,
            "conceded": 0
        }
    },
    {
        "model": "tournaments.team",
        "pk": 7,
        "fields": {
            "name": "Party Team",
            "coach_name": "Ayrobot",
            "team_members": "TheKairi78, Sardoche",
            "pool_points": 0,
            "scored": 0,
            "conceded": 0
        }
    },
    {
        "model": "tournaments.team",
        "pk": 8,
        "fields": {
            "name": "Pool Team",
            "coach_name": "Pool",
            "team_members": "Poolover, Poolie, Pull",
            "pool_points": 0,
            "scored": 0,
            "conceded": 0
        }
    },
    {
        "model": "tournaments.team",
        "pk": 9,
        "fields": {
            "name": "Apéro Team",
            "coach_name": "Pastis",
            "team_members": "Pastis, Bière, Cocktail",
            "pool_points": 0,
            "scored": 0,
            "conceded": 0
        }
    },
    {
        "model": "tournaments.team",
        "pk": 10,
        "fields": {
            "name": "Test Team",
            "coach_name": "Test",
            "team_members": "Test, Test, Test",
            "pool_points": 0,
            "scored": 0,
            "conceded": 0
        }
    },
    {
        "model": "tournaments.pool",
        "pk": 1,
        "fields": {
            "number": 1,
            "tournament": 1,
            "teams": [
                2,
                3,
                4
            ]
        }
    },
    {
        "model": "tournaments.pool",
        "pk": 3,
        "fields": {
            "number": 2,
            "tournament": 1,
            "teams": [
                1,
                5,
                6
            ]
        }
    },
    {
        "model": "tournaments.pool",
        "pk": 4,
        "fields": {
            "number": 1,
            "tournament": 3,
            "teams": [
                7,
                8,
                9
            ]
        }
    },
    {
        "model": "tournaments.pool",
        "pk": 5,
        "fields": {
            "number": 2,
            "tournament": 3,
            "teams": [
                10
            ]
        }
    },
    {
        "model": "tournaments.place",
        "pk": 1,
        "fields": {
            "name": "Teste 1",
            "longitude": 43.62490323166619,
            "latitude": 1.4515868802620493
        }
    },
    {
        "model": "tournaments.place",
        "pk": 2,
        "fields": {
            "name": "Teste 2",
            "longitude": 43.85944079178446,
            "latitude": -0.3535189199464208
        }
    },
    {
        "model": "tournaments.place",
        "pk": 3,
        "fields": {
            "name": "Stade de France",
            "longitude": 48.92463346,
            "latitude": 2.36009455
        }
    },
    {
        "model": "tournaments.place",
        "pk": 4,
        "fields": {
            "name": "Stade Velodrome",
            "longitude": 43.27031043,
            "latitude": 5.395912578
        }
    },
    {
        "model": "tournaments.place",
        "pk": 5,
        "fields": {
            "name": "Groupama Stadium",
            "longitude": 45.76590842,
            "latitude": 4.981564253
        }
    },
    {
        "model": "tournaments.place",
        "pk": 6,
        "fields": {
            "name": "Decathlon Arena - Stade Pierre Mauroy",
            "longitude": 50.61233455,
            "latitude": 3.130584855
        }
    },
    {
        "model": "tournaments.place",
        "pk": 7,
        "fields": {
            "name": "Le Parc des Princes",
            "longitude": 48.85545402,
            "latitude": 2.251242301
        }
    },
    {
        "model": "tournaments.place",
        "pk": 8,
        "fields": {
            "name": "Matmut-Atlantique",
            "longitude": 44.89792639,
            "latitude": -0.561590403
        }
    },
    {
        "model": "tournaments.place",
        "pk": 9,
        "fields": {
            "name": "Geoffroy-Guichard",
            "longitude": 45.46115712,
            "latitude": 4.39002527
        }
    },
    {
        "model": "tournaments.place",
        "pk": 10,
        "fields": {
            "name": "Bollaert-Delelis",
            "longitude": 50.43333097,
            "latitude": 2.815088021
        }
    },
    {
        "model": "tournaments.place",
        "pk": 11,
        "fields": {
            "name": "Allianz Riviera",
            "longitude": 43.70527571,
            "latitude": 7.192647051
        }
    },
    {
        "model": "tournaments.place",
        "pk": 12,
        "fields": {
            "name": "Estádio Beaujoire",
            "longitude": 47.25623403,
            "latitude": -1.524719917
        }
    },
    {
        "model": "tournaments.place",
        "pk": 13,
        "fields": {
            "name": "Matmut Stadium Gerland",
            "longitude": 45.72417883,
            "latitude": 4.832084829
        }
    },
    {
        "model": "tournaments.place",
        "pk": 14,
        "fields": {
            "name": "Estádio Chaban-Delmas",
            "longitude": 44.8294069,
            "latitude": -0.598271049
        }
    },
    {
        "model": "tournaments.place",
        "pk": 15,
        "fields": {
            "name": "Stade toulouse",
            "longitude": 44.82939168,
            "latitude": -0.598292507
        }
    },
    {
        "model": "tournaments.place",
        "pk": 16,
        "fields": {
            "name": "Paris La Defense Arena",
            "longitude": 48.89503642,
            "latitude": 2.229553446
        }
    },
    {
        "model": "tournaments.match",
        "pk": 1,
        "fields": {
            "date": "2005-05-02",
            "hour": "10h00 - 12h00",
            "place": "France",
            "team1": 3,
            "score1": 7,
            "team2": 2,
            "score2": 3,
            "pool": 1,
            "localisation": 3,
            "round": 1
        }
    },
    {
        "model": "tournaments.match",
        "pk": 2,
        "fields": {
            "date": "2005-05-03",
            "hour": "11h00 - 13h00",
            "place": "France",
            "team1": 1,
            "score1": 2,
            "team2": 5,
            "score2": 3,
            "pool": 3,
            "localisation": 10,
            "round": 1
        }
    },
    {
        "model": "tournaments.match",
        "pk": 3,
        "fields": {
            "date": "2005-05-04",
            "hour": "2h00 - 4h00",
            "place": "France",
            "team1": 4,
            "score1": 3,
            "team2": 3,
            "score2": 4,
            "pool": 1,
            "localisation": 3,
            "round": 1
        }
    },
    {
        "model": "tournaments.match",
        "pk": 4,
        "fields": {
            "date": "2005-05-06",
            "hour": "23h00 - 1h00",
            "place": "France",
            "team1": 4,
            "score1": 6,
            "team2": 2,
            "score2": 3,
            "pool": 1,
            "localisation": 4,
            "round": 1
        }
    },
    {
        "model": "tournaments.match",
        "pk": 26,
        "fields": {
            "date": "2018-08-04",
            "hour": "10h - 12h",
            "place": "Montréal",
            "team1": 7,
            "score1": 0,
            "team2": 8,
            "score2": 0,
            "pool": 4,
            "localisation": 10,
            "round": 1
        }
    },
    {
        "model": "tournaments.match",
        "pk": 27,
        "fields": {
            "date": "2018-08-04",
            "hour": "10h - 12h",
            "place": "Montréal",
            "team1": 7,
            "score1": 0,
            "team2": 9,
            "score2": 0,
            "pool": 4,
            "localisation": 8,
            "round": 1
        }
    },
    {
        "model": "tournaments.match",
        "pk": 28,
        "fields": {
            "date": "2018-08-04",
            "hour": "10h - 12h",
            "place": "Montréal",
            "team1": 8,
            "score1": 0,
            "team2": 9,
            "score2": 0,
            "pool": 4,
            "localisation": 9,
            "round": 1
        }
    },
    {
        "model": "tournaments.match",
        "pk": 29,
        "fields": {
            "date": "2018-08-04",
            "hour": "10h - 12h",
            "place": "Montréal",
            "team1": 7,
            "score1": 0,
            "team2": 8,
            "score2": 0,
            "pool": 4,
            "localisation": 9,
            "round": 1
        }
    },
    {
        "model": "tournaments.match",
        "pk": 30,
        "fields": {
            "date": "2018-08-04",
            "hour": "10h - 12h",
            "place": "Montréal",
            "team1": 7,
            "score1": 0,
            "team2": 9,
            "score2": 0,
            "pool": 4,
            "localisation": 8,
            "round": 1
        }
    },
    {
        "model": "tournaments.match",
        "pk": 31,
        "fields": {
            "date": "2018-08-04",
            "hour": "10h - 12h",
            "place": "Montréal",
            "team1": 8,
            "score1": 0,
            "team2": 9,
            "score2": 0,
            "pool": 4,
            "localisation": 5,
            "round": 1
        }
    },
    {
        "model": "tournaments.match",
        "pk": 32,
        "fields": {
            "date": "2005-05-01",
            "hour": "10h - 12h",
            "place": "France",
            "team1": 2,
            "score1": 0,
            "team2": 3,
            "score2": 0,
            "pool": 1,
            "localisation": 5,
            "round": 1
        }
    },
    {
        "model": "tournaments.match",
        "pk": 33,
        "fields": {
            "date": "2005-05-01",
            "hour": "10h - 12h",
            "place": "France",
            "team1": 2,
            "score1": 0,
            "team2": 4,
            "score2": 0,
            "pool": 1,
            "localisation": 11,
            "round": 1
        }
    },
    {
        "model": "tournaments.match",
        "pk": 34,
        "fields": {
            "date": "2005-05-01",
            "hour": "10h - 12h",
            "place": "France",
            "team1": 3,
            "score1": 0,
            "team2": 4,
            "score2": 0,
            "pool": 1,
            "localisation": 13,
            "round": 1
        }
    },
    {
        "model": "tournaments.match",
        "pk": 35,
        "fields": {
            "date": "2005-05-01",
            "hour": "10h - 12h",
            "place": "France",
            "team1": 2,
            "score1": 0,
            "team2": 3,
            "score2": 0,
            "pool": 1,
            "localisation": null,
            "round": 1
        }
    },
    {
        "model": "tournaments.match",
        "pk": 36,
        "fields": {
            "date": "2005-05-01",
            "hour": "10h - 12h",
            "place": "France",
            "team1": 2,
            "score1": 0,
            "team2": 4,
            "score2": 0,
            "pool": 1,
            "localisation": 7,
            "round": 1
        }
    },
    {
        "model": "tournaments.match",
        "pk": 37,
        "fields": {
            "date": "2005-05-01",
            "hour": "10h - 12h",
            "place": "France",
            "team1": 3,
            "score1": 0,
            "team2": 4,
            "score2": 0,
            "pool": 1,
            "localisation": null,
            "round": 1
        }
    },
    {
        "model": "tournaments.match",
        "pk": 38,
        "fields": {
            "date": "2005-05-01",
            "hour": "10h - 12h",
            "place": "France",
            "team1": 2,
            "score1": 0,
            "team2": 3,
            "score2": 0,
            "pool": 1,
            "localisation": 8,
            "round": 1
        }
    },
    {
        "model": "tournaments.match",
        "pk": 39,
        "fields": {
            "date": "2005-05-01",
            "hour": "10h - 12h",
            "place": "France",
            "team1": 2,
            "score1": 0,
            "team2": 4,
            "score2": 0,
            "pool": 1,
            "localisation": null,
            "round": 1
        }
    },
    {
        "model": "tournaments.match",
        "pk": 40,
        "fields": {
            "date": "2005-05-01",
            "hour": "10h - 12h",
            "place": "France",
            "team1": 3,
            "score1": 0,
            "team2": 4,
            "score2": 0,
            "pool": 1,
            "localisation": 14,
            "round": 1
        }
    },
    {
        "model": "tournaments.match",
        "pk": 41,
        "fields": {
            "date": "2005-05-01",
            "hour": "10h - 12h",
            "place": "France",
            "team1": 2,
            "score1": 0,
            "team2": 3,
            "score2": 0,
            "pool": 1,
            "localisation": 13,
            "round": 1
        }
    },
    {
        "model": "tournaments.match",
        "pk": 42,
        "fields": {
            "date": "2005-05-01",
            "hour": "10h - 12h",
            "place": "France",
            "team1": 2,
            "score1": 0,
            "team2": 4,
            "score2": 0,
            "pool": 1,
            "localisation": 7,
            "round": 1
        }
    },
    {
        "model": "tournaments.match",
        "pk": 43,
        "fields": {
            "date": "2005-05-01",
            "hour": "10h - 12h",
            "place": "France",
            "team1": 3,
            "score1": 0,
            "team2": 4,
            "score2": 0,
            "pool": 1,
            "localisation": 10,
            "round": 1
        }
    },
    {
        "model": "tournaments.match",
        "pk": 44,
        "fields": {
            "date": "2005-05-01",
            "hour": "10h - 12h",
            "place": "France",
            "team1": 2,
            "score1": 0,
            "team2": 3,
            "score2": 0,
            "pool": 1,
            "localisation": 13,
            "round": 1
        }
    },
    {
        "model": "tournaments.match",
        "pk": 45,
        "fields": {
            "date": "2005-05-01",
            "hour": "10h - 12h",
            "place": "France",
            "team1": 2,
            "score1": 0,
            "team2": 4,
            "score2": 0,
            "pool": 1,
            "localisation": 12,
            "round": 1
        }
    },
    {
        "model": "tournaments.match",
        "pk": 46,
        "fields": {
            "date": "2005-05-01",
            "hour": "10h - 12h",
            "place": "France",
            "team1": 3,
            "score1": 0,
            "team2": 4,
            "score2": 0,
            "pool": 1,
            "localisation": 15,
            "round": 1
        }
    },
    {
        "model": "tournaments.match",
        "pk": 47,
        "fields": {
            "date": "2005-05-01",
            "hour": "10h - 12h",
            "place": "France",
            "team1": 1,
            "score1": 0,
            "team2": 5,
            "score2": 0,
            "pool": 3,
            "localisation": 11,
            "round": 1
        }
    },
    {
        "model": "tournaments.match",
        "pk": 48,
        "fields": {
            "date": "2005-05-01",
            "hour": "10h - 12h",
            "place": "France",
            "team1": 1,
            "score1": 0,
            "team2": 6,
            "score2": 0,
            "pool": 3,
            "localisation": 3,
            "round": 1
        }
    },
    {
        "model": "tournaments.match",
        "pk": 49,
        "fields": {
            "date": "2005-05-01",
            "hour": "10h - 12h",
            "place": "France",
            "team1": 5,
            "score1": 0,
            "team2": 6,
            "score2": 0,
            "pool": 3,
            "localisation": 14,
            "round": 1
        }
    },
    {
        "model": "tournaments.match",
        "pk": 50,
        "fields": {
            "date": "2005-05-01",
            "hour": "10h - 12h",
            "place": "France",
            "team1": 2,
            "score1": 0,
            "team2": 3,
            "score2": 0,
            "pool": 1,
            "localisation": 12,
            "round": 1
        }
    },
    {
        "model": "tournaments.match",
        "pk": 51,
        "fields": {
            "date": "2005-05-01",
            "hour": "10h - 12h",
            "place": "France",
            "team1": 2,
            "score1": 0,
            "team2": 4,
            "score2": 0,
            "pool": 1,
            "localisation": 12,
            "round": 1
        }
    },
    {
        "model": "tournaments.match",
        "pk": 52,
        "fields": {
            "date": "2005-05-01",
            "hour": "10h - 12h",
            "place": "France",
            "team1": 3,
            "score1": 0,
            "team2": 4,
            "score2": 0,
            "pool": 1,
            "localisation": 8,
            "round": 1
        }
    },
    {
        "model": "tournaments.match",
        "pk": 53,
        "fields": {
            "date": "2005-05-01",
            "hour": "10h - 12h",
            "place": "France",
            "team1": 2,
            "score1": 0,
            "team2": 3,
            "score2": 0,
            "pool": 1,
            "localisation": 6,
            "round": 1
        }
    },
    {
        "model": "tournaments.match",
        "pk": 54,
        "fields": {
            "date": "2005-05-01",
            "hour": "10h - 12h",
            "place": "France",
            "team1": 2,
            "score1": 0,
            "team2": 4,
            "score2": 0,
            "pool": 1,
            "localisation": 13,
            "round": 1
        }
    },
    {
        "model": "tournaments.match",
        "pk": 55,
        "fields": {
            "date": "2005-05-01",
            "hour": "10h - 12h",
            "place": "France",
            "team1": 3,
            "score1": 0,
            "team2": 4,
            "score2": 0,
            "pool": 1,
            "localisation": 16,
            "round": 1
        }
    },
    {
        "model": "tournaments.comment",
        "pk": 1,
        "fields": {
            "author": "bb",
            "match": 1,
            "pub_date": "2023-04-20T14:39:00.453Z",
            "message": "eheheheh"
        }
    },
    {
        "model": "tournaments.comment",
        "pk": 2,
        "fields": {
            "author": "bb",
            "match": 1,
            "pub_date": null,
            "message": "loule"
        }
    },
    {
        "model": "tournaments.comment",
        "pk": 3,
        "fields": {
            "author": "bb",
            "match": 1,
            "pub_date": null,
            "message": "eheh"
        }
    },
    {
        "model": "tournaments.comment",
        "pk": 4,
        "fields": {
            "author": "bb",
            "match": 1,
            "pub_date": null,
            "message": "eheh"
        }
    },
    {
        "model": "tournaments.comment",
        "pk": 5,
        "fields": {
            "author": "bb",
            "match": 1,
            "pub_date": null,
            "message": "eheh"
        }
    },
    {
        "model": "tournaments.comment",
        "pk": 6,
        "fields": {
            "author": "bb",
            "match": 1,
            "pub_date": null,
            "message": "coucou"
        }
    },
    {
        "model": "tournaments.comment",
        "pk": 7,
        "fields": {
            "author": "bb",
            "match": 1,
            "pub_date": null,
            "message": "Ouahhh"
        }
    },
    {
        "model": "tournaments.comment",
        "pk": 8,
        "fields": {
            "author": "bb",
            "match": 1,
            "pub_date": null,
            "message": "Ouahhh"
        }
    },
    {
        "model": "tournaments.comment",
        "pk": 9,
        "fields": {
            "author": "bb",
            "match": 1,
            "pub_date": "2023-04-20T14:38:19.967Z",
            "message": "Yo"
        }
    },
    {
        "model": "tournaments.comment",
        "pk": 10,
        "fields": {
            "author": "bb",
            "match": 1,
            "pub_date": "2023-04-20T14:37:52.843Z",
            "message": "Yo le Cadmos"
        }
    },
    {
        "model": "tournaments.comment",
        "pk": 11,
        "fields": {
            "author": "admin",
            "match": 1,
            "pub_date": "2023-04-20T17:17:00.616Z",
            "message": "Arrête de spammer toi !"
        }
    },
    {
        "model": "tournaments.comment",
        "pk": 12,
        "fields": {
            "author": "admin",
            "match": 1,
            "pub_date": "2023-04-20T17:18:07.041Z",
            "message": "commentary bro"
        }
    },
    {
        "model": "tournaments.comment",
        "pk": 13,
        "fields": {
            "author": "admin",
            "match": 1,
            "pub_date": "2023-04-20T20:09:08.040Z",
            "message": "Yo le SarthMOSSSSSS"
        }
    },
    {
        "model": "tournaments.comment",
        "pk": 14,
        "fields": {
            "author": "admin",
            "match": 1,
            "pub_date": "2023-04-20T16:50:17.476Z",
            "message": "yoooo"
        }
    },
    {
        "model": "tournaments.comment",
        "pk": 15,
        "fields": {
            "author": "admin",
            "match": 1,
            "pub_date": "2023-04-21T14:09:53.737Z",
            "message": "Je suis admin !"
        }
    },
    {
        "model": "tournaments.comment",
        "pk": 16,
        "fields": {
            "author": "bb",
            "match": 1,
            "pub_date": "2023-04-21T06:11:56.133Z",
            "message": "Je teste l'heure des commentaires :))))"
        }
    },
    {
        "model": "tournaments.comment",
        "pk": 17,
        "fields": {
            "author": "admin",
            "match": 1,
            "pub_date": "2023-04-20T17:17:58.283Z",
            "message": "yoyoyo"
        }
    },
    {
        "model": "tournaments.comment",
        "pk": 18,
        "fields": {
            "author": "admin",
            "match": 1,
            "pub_date": "2023-04-20T16:53:23.227Z",
            "message": "yoyoyo"
        }
    },
    {
        "model": "tournaments.comment",
        "pk": 19,
        "fields": {
            "author": "admin",
            "match": 1,
            "pub_date": "2023-04-20T16:53:46.487Z",
            "message": "yoyoyo"
        }
    },
    {
        "model": "tournaments.comment",
        "pk": 20,
        "fields": {
            "author": "admin",
            "match": 1,
            "pub_date": "2023-04-20T16:54:19.446Z",
            "message": "yoyoyo"
        }
    },
    {
        "model": "tournaments.comment",
        "pk": 21,
        "fields": {
            "author": "admin",
            "match": 1,
            "pub_date": "2023-04-20T16:54:29.407Z",
            "message": "yoyoyo"
        }
    },
    {
        "model": "tournaments.comment",
        "pk": 22,
        "fields": {
            "author": "admin",
            "match": 1,
            "pub_date": "2023-04-21T12:03:56.459Z",
            "message": "yoyoyoyoyoyoyoyoyo"
        }
    },
    {
        "model": "tournaments.comment",
        "pk": 23,
        "fields": {
            "author": "admin",
            "match": 1,
            "pub_date": "2023-04-20T16:54:51.726Z",
            "message": "yoyoyo"
        }
    },
    {
        "model": "tournaments.comment",
        "pk": 24,
        "fields": {
            "author": "bb",
            "match": 1,
            "pub_date": "2023-04-20T23:21:12.401Z",
            "message": "Est-ce que ça duplique toujours ?"
        }
    },
    {
        "model": "tournaments.comment",
        "pk": 25,
        "fields": {
            "author": "bb",
            "match": 1,
            "pub_date": "2023-04-20T23:21:31.619Z",
            "message": "Je crois que c'est réglé ;)"
        }
    },
    {
        "model": "tournaments.comment",
        "pk": 26,
        "fields": {
            "author": "admin",
            "match": 1,
            "pub_date": "2023-04-21T14:10:05.300Z",
            "message": "rajout de comm"
        }
    },
    {
        "model": "tournaments.finalround",
        "pk": 1,
        "fields": {
            "tournament": 1,
            "rounds": 3,
            "matches": []
        }
    },
    {
        "model": "auth.user",
        "pk": 1,
        "fields": {
            "password": "pbkdf2_sha256$600000$RM0SVTR3NF5UMfEKtEllig$qzxT2nNW1MlY14jarMhFYuCLErVUjP9zv9uX+FZPfxc=",
            "last_login": "2023-04-21T14:09:35.657Z",
            "is_superuser": true,
            "username": "admin",
            "first_name": "",
            "last_name": "",
            "email": "clement.lopez@student.isae-supaero.fr",
            "is_staff": true,
            "is_active": true,
            "date_joined": "2023-04-17T13:49:34.042Z",
            "groups": [],
            "user_permissions": []
        }
    },
    {
        "model": "auth.user",
        "pk": 2,
        "fields": {
            "password": "pbkdf2_sha256$600000$t8HwBMLqDO7uCSkiNdgISN$mcT85hmyQAdDX/FT0zceX2480I3mawnRfFN4viLsgaU=",
            "last_login": "2023-04-21T12:11:34.588Z",
            "is_superuser": false,
            "username": "bb",
            "first_name": "Barbie",
            "last_name": "Chaite",
            "email": "barbie.chaite@gmail.com",
            "is_staff": false,
            "is_active": true,
            "date_joined": "2023-04-19T10:08:58Z",
            "groups": [],
            "user_permissions": []
        }
    },
    {
        "model": "auth.user",
        "pk": 3,
        "fields": {
            "password": "pbkdf2_sha256$600000$zCWRusGZCFkNiWvfLv8CVX$YSxf4lCoP9ANaI6IbN+iAnC+uXYKWonQo3tNPu2RUTI=",
            "last_login": "2023-04-29T10:57:05.829Z",
            "is_superuser": true,
            "username": "Marcos",
            "first_name": "",
            "last_name": "",
            "email": "vinmarcos19@gmail.com",
            "is_staff": true,
            "is_active": true,
            "date_joined": "2023-04-29T10:56:23.808Z",
            "groups": [],
            "user_permissions": []
        }
    },
    {
        "model": "auth.user",
        "pk": 4,
        "fields": {
            "password": "pbkdf2_sha256$600000$7PDhMmvmui4ibTOrkfzj6L$BjFQmmKU3jd90OoLRbVKVgaJh5bSfkj1aZhzi+qUqaU=",
            "last_login": "2023-04-29T10:59:25.370Z",
            "is_superuser": false,
            "username": "Marquinhos",
            "first_name": "",
            "last_name": "",
            "email": "",
            "is_staff": false,
            "is_active": true,
            "date_joined": "2023-04-29T10:58:41.283Z",
            "groups": [],
            "user_permissions": []
        }
    },
    {
        "model": "auth.user",
        "pk": 5,
        "fields": {
            "password": "pbkdf2_sha256$600000$sIliWlezUc0wpV6z1uuOFL$9bHF/RPkXRbnSJkwq1fxV4EZrAjNhecwKI+0pF+Tc6E=",
            "last_login": "2023-05-03T06:03:58.561Z",
            "is_superuser": true,
            "username": "marcoss",
            "first_name": "",
            "last_name": "",
            "email": "vinmarcos@gmail.com",
            "is_staff": true,
            "is_active": true,
            "date_joined": "2023-05-02T20:26:44.601Z",
            "groups": [],
            "user_permissions": []
        }
    }
]