[
    {
        "model": "tournaments.tournament",
        "pk": 1,
        "fields": {
            "name": "Coupe du monde de football",
            "place": "France",
            "date": "2005-05-01",
            "N_pools": 2,
            "N_teams_per_pools": 2
        }
    },
    {
        "model": "tournaments.tournament",
        "pk": 2,
        "fields": {
            "name": "Tournoi de Golf",
            "place": "Bordeaux",
            "date": "2022-09-05",
            "N_pools": 2,
            "N_teams_per_pools": 2
        }
    },
    {
        "model": "tournaments.tournament",
        "pk": 3,
        "fields": {
            "name": "Tournoi de Basket",
            "place": "Montréal",
            "date": "2018-08-04",
            "N_pools": 2,
            "N_teams_per_pools": 3
        }
    },
    {
        "model": "tournaments.team",
        "pk": 1,
        "fields": {
            "name": "Dream Team",
            "coach_name": "Mr. Beast",
            "team_members": "Barnabé, Iseult, Tristan",
            "pool_points": 0,
            "scored": 0,
            "conceded": 0
        }
    },
    {
        "model": "tournaments.team",
        "pk": 2,
        "fields": {
            "name": "Cucumber Team",
            "coach_name": "Morty",
            "team_members": "Rick, Morty",
            "pool_points": 0,
            "scored": 0,
            "conceded": 0
        }
    },
    {
        "model": "tournaments.team",
        "pk": 3,
        "fields": {
            "name": "Sarwell Team",
            "coach_name": "Ausias Gamisans",
            "team_members": "f.frances c.garion",
            "pool_points": 0,
            "scored": 0,
            "conceded": 0
        }
    },
    {
        "model": "tournaments.team",
        "pk": 4,
        "fields": {
            "name": "Django Team",
            "coach_name": "Tanguy Pérennou",
            "team_members": "Tanguy Pérennou, Bruno Ilponse, Thierry Salomon",
            "pool_points": 0,
            "scored": 0,
            "conceded": 0
        }
    },
    {
        "model": "tournaments.team",
        "pk": 5,
        "fields": {
            "name": "Squid Team",
            "coach_name": "Mr. Poulpy",
            "team_members": "Mr. Squeed, Mr. Poulpy, Al Ploup",
            "pool_points": 0,
            "scored": 0,
            "conceded": 0
        }
    },
    {
        "model": "tournaments.team",
        "pk": 6,
        "fields": {
            "name": "Liberty Team",
            "coach_name": "SartMOS",
            "team_members": "AloA, Grocéan, Clopez, SartMOS, Orianou",
            "pool_points": 0,
            "scored": 0,
            "conceded": 0
        }
    },
    {
        "model": "tournaments.team",
        "pk": 7,
        "fields": {
            "name": "Party Team",
            "coach_name": "Ayrobot",
            "team_members": "TheKairi78, Sardoche",
            "pool_points": 0,
            "scored": 0,
            "conceded": 0
        }
    },
    {
        "model": "tournaments.team",
        "pk": 8,
        "fields": {
            "name": "Pool Team",
            "coach_name": "Pool",
            "team_members": "Poolover, Poolie, Pull",
            "pool_points": 0,
            "scored": 0,
            "conceded": 0
        }
    },
    {
        "model": "tournaments.team",
        "pk": 9,
        "fields": {
            "name": "Apéro Team",
            "coach_name": "Pastis",
            "team_members": "Pastis, Bière, Cocktail",
            "pool_points": 0,
            "scored": 0,
            "conceded": 0
        }
    },
    {
        "model": "tournaments.team",
        "pk": 10,
        "fields": {
            "name": "Test Team",
            "coach_name": "Test",
            "team_members": "Test, Test, Test",
            "pool_points": 0,
            "scored": 0,
            "conceded": 0
        }
    },
    {
        "model": "tournaments.team",
        "pk": 11,
        "fields": {
            "name": "Bresil",
            "coach_name": "podazj",
            "team_members": "adpjo",
            "pool_points": null,
            "scored": null,
            "conceded": null
        }
    },
    {
        "model": "tournaments.team",
        "pk": 12,
        "fields": {
            "name": "Argentina",
            "coach_name": "daz",
            "team_members": "fez",
            "pool_points": null,
            "scored": null,
            "conceded": null
        }
    },
    {
        "model": "tournaments.team",
        "pk": 13,
        "fields": {
            "name": "Azerbaidjan",
            "coach_name": "dzaiohjazd",
            "team_members": "daziojadz",
            "pool_points": null,
            "scored": null,
            "conceded": null
        }
    },
    {
        "model": "tournaments.team",
        "pk": 14,
        "fields": {
            "name": "Colombie",
            "coach_name": "aa",
            "team_members": "dd",
            "pool_points": null,
            "scored": null,
            "conceded": null
        }
    },
    {
        "model": "tournaments.team",
        "pk": 15,
        "fields": {
            "name": "Maroc",
            "coach_name": "aa",
            "team_members": "azdpojdzapo",
            "pool_points": null,
            "scored": null,
            "conceded": null
        }
    },
    {
        "model": "tournaments.team",
        "pk": 16,
        "fields": {
            "name": "Mexico",
            "coach_name": "Didier Deschamps",
            "team_members": "daziojadz",
            "pool_points": null,
            "scored": null,
            "conceded": null
        }
    },
    {
        "model": "tournaments.team",
        "pk": 17,
        "fields": {
            "name": "USA",
            "coach_name": "dzaiohjazd",
            "team_members": "daziojadz",
            "pool_points": null,
            "scored": null,
            "conceded": null
        }
    },
    {
        "model": "tournaments.team",
        "pk": 18,
        "fields": {
            "name": "Zambia",
            "coach_name": "dzaiohjazd",
            "team_members": "daziojadz",
            "pool_points": null,
            "scored": null,
            "conceded": null
        }
    },
    {
        "model": "tournaments.team",
        "pk": 19,
        "fields": {
            "name": "South Africa",
            "coach_name": "Didier Deschamps",
            "team_members": "aa",
            "pool_points": null,
            "scored": null,
            "conceded": null
        }
    },
    {
        "model": "tournaments.team",
        "pk": 20,
        "fields": {
            "name": "Portugal",
            "coach_name": "aa",
            "team_members": "daziojadz",
            "pool_points": null,
            "scored": null,
            "conceded": null
        }
    },
    {
        "model": "tournaments.team",
        "pk": 21,
        "fields": {
            "name": "New Zealand",
            "coach_name": "aa",
            "team_members": "aa",
            "pool_points": null,
            "scored": null,
            "conceded": null
        }
    },
    {
        "model": "tournaments.team",
        "pk": 22,
        "fields": {
            "name": "Kenya",
            "coach_name": "dzaiohjazd",
            "team_members": "aa",
            "pool_points": null,
            "scored": null,
            "conceded": null
        }
    },
    {
        "model": "tournaments.team",
        "pk": 23,
        "fields": {
            "name": "Japan",
            "coach_name": "aa",
            "team_members": "daziojadz",
            "pool_points": null,
            "scored": null,
            "conceded": null
        }
    },
    {
        "model": "tournaments.team",
        "pk": 24,
        "fields": {
            "name": "Israel",
            "coach_name": "dzaiohjazd",
            "team_members": "aa",
            "pool_points": null,
            "scored": null,
            "conceded": null
        }
    },
    {
        "model": "tournaments.team",
        "pk": 25,
        "fields": {
            "name": "Hongrie",
            "coach_name": "dzaiohjazd",
            "team_members": "daziojadz",
            "pool_points": null,
            "scored": null,
            "conceded": null
        }
    },
    {
        "model": "tournaments.team",
        "pk": 26,
        "fields": {
            "name": "Espagne",
            "coach_name": "aa",
            "team_members": "aa",
            "pool_points": null,
            "scored": null,
            "conceded": null
        }
    },
    {
        "model": "tournaments.team",
        "pk": 27,
        "fields": {
            "name": "China",
            "coach_name": "aa",
            "team_members": "azdpojdzapo",
            "pool_points": null,
            "scored": null,
            "conceded": null
        }
    },
    {
        "model": "tournaments.team",
        "pk": 28,
        "fields": {
            "name": "Chilia",
            "coach_name": "daz",
            "team_members": "azdpojdzapo",
            "pool_points": null,
            "scored": null,
            "conceded": null
        }
    },
    {
        "model": "tournaments.team",
        "pk": 29,
        "fields": {
            "name": "Argentine",
            "coach_name": "dzaiohjazd",
            "team_members": "azdpojdzapo",
            "pool_points": null,
            "scored": null,
            "conceded": null
        }
    },
    {
        "model": "tournaments.team",
        "pk": 30,
        "fields": {
            "name": "Arabie Saoudite",
            "coach_name": "dzaiohjazd",
            "team_members": "aa",
            "pool_points": null,
            "scored": null,
            "conceded": null
        }
    },
    {
        "model": "tournaments.team",
        "pk": 31,
        "fields": {
            "name": "Allemagne",
            "coach_name": "Didier Deschamps",
            "team_members": "aa",
            "pool_points": null,
            "scored": null,
            "conceded": null
        }
    },
    {
        "model": "tournaments.team",
        "pk": 32,
        "fields": {
            "name": "Vercors",
            "coach_name": "aa",
            "team_members": "azdpojdzapo",
            "pool_points": null,
            "scored": null,
            "conceded": null
        }
    },
    {
        "model": "tournaments.team",
        "pk": 33,
        "fields": {
            "name": "Turquie",
            "coach_name": "dzaiohjazd",
            "team_members": "daziojadz",
            "pool_points": null,
            "scored": null,
            "conceded": null
        }
    },
    {
        "model": "tournaments.team",
        "pk": 34,
        "fields": {
            "name": "Toulouse",
            "coach_name": "aa",
            "team_members": "dzde",
            "pool_points": null,
            "scored": null,
            "conceded": null
        }
    },
    {
        "model": "tournaments.team",
        "pk": 35,
        "fields": {
            "name": "Togo",
            "coach_name": "aa",
            "team_members": "dzpodjzpo",
            "pool_points": null,
            "scored": null,
            "conceded": null
        }
    },
    {
        "model": "tournaments.team",
        "pk": 36,
        "fields": {
            "name": "Qatar",
            "coach_name": "depokdzo",
            "team_members": "dazpodazjpo",
            "pool_points": null,
            "scored": null,
            "conceded": null
        }
    },
    {
        "model": "tournaments.team",
        "pk": 37,
        "fields": {
            "name": "Philippines",
            "coach_name": "dzaiohjazd",
            "team_members": "deiojdz",
            "pool_points": null,
            "scored": null,
            "conceded": null
        }
    },
    {
        "model": "tournaments.team",
        "pk": 38,
        "fields": {
            "name": "Paris",
            "coach_name": "aa",
            "team_members": "aa",
            "pool_points": null,
            "scored": null,
            "conceded": null
        }
    },
    {
        "model": "tournaments.team",
        "pk": 39,
        "fields": {
            "name": "Niort",
            "coach_name": "daz",
            "team_members": "azdpojdzapo",
            "pool_points": null,
            "scored": null,
            "conceded": null
        }
    },
    {
        "model": "tournaments.team",
        "pk": 40,
        "fields": {
            "name": "Marseille",
            "coach_name": "dzaiohjazd",
            "team_members": "daziojadz",
            "pool_points": null,
            "scored": null,
            "conceded": null
        }
    },
    {
        "model": "tournaments.team",
        "pk": 41,
        "fields": {
            "name": "Lyon",
            "coach_name": "Didier Deschamps",
            "team_members": "azdpojdzapo",
            "pool_points": null,
            "scored": null,
            "conceded": null
        }
    },
    {
        "model": "tournaments.team",
        "pk": 42,
        "fields": {
            "name": "Lens",
            "coach_name": "aa",
            "team_members": "aa",
            "pool_points": null,
            "scored": null,
            "conceded": null
        }
    },
    {
        "model": "tournaments.team",
        "pk": 43,
        "fields": {
            "name": "Ghana",
            "coach_name": "dzipojadz",
            "team_members": "daziojadz",
            "pool_points": null,
            "scored": null,
            "conceded": null
        }
    },
    {
        "model": "tournaments.team",
        "pk": 44,
        "fields": {
            "name": "Essonne",
            "coach_name": "dzaiohjazd",
            "team_members": "dzaiojzaip",
            "pool_points": null,
            "scored": null,
            "conceded": null
        }
    },
    {
        "model": "tournaments.team",
        "pk": 45,
        "fields": {
            "name": "Cote d'ivoir",
            "coach_name": "aa",
            "team_members": "azdpojdzapo",
            "pool_points": null,
            "scored": null,
            "conceded": null
        }
    },
    {
        "model": "tournaments.team",
        "pk": 46,
        "fields": {
            "name": "Bordeaux",
            "coach_name": "dzaiohjazd",
            "team_members": "aa",
            "pool_points": null,
            "scored": null,
            "conceded": null
        }
    },
    {
        "model": "tournaments.pool",
        "pk": 1,
        "fields": {
            "number": 1,
            "tournament": 1,
            "teams": [
                5,
                6,
                7,
                8
            ]
        }
    },
    {
        "model": "tournaments.pool",
        "pk": 3,
        "fields": {
            "number": 2,
            "tournament": 1,
            "teams": [
                1,
                2,
                3,
                4
            ]
        }
    },
    {
        "model": "tournaments.pool",
        "pk": 4,
        "fields": {
            "number": 1,
            "tournament": 3,
            "teams": [
                7,
                8,
                9
            ]
        }
    },
    {
        "model": "tournaments.pool",
        "pk": 5,
        "fields": {
            "number": 2,
            "tournament": 3,
            "teams": [
                10
            ]
        }
    },
    {
        "model": "tournaments.pool",
        "pk": 6,
        "fields": {
            "number": 3,
            "tournament": 1,
            "teams": [
                9,
                10,
                11,
                12
            ]
        }
    },
    {
        "model": "tournaments.pool",
        "pk": 7,
        "fields": {
            "number": 4,
            "tournament": 1,
            "teams": [
                13,
                14,
                15,
                16
            ]
        }
    },
    {
        "model": "tournaments.pool",
        "pk": 8,
        "fields": {
            "number": 5,
            "tournament": 1,
            "teams": [
                17,
                18,
                19,
                20
            ]
        }
    },
    {
        "model": "tournaments.pool",
        "pk": 9,
        "fields": {
            "number": 6,
            "tournament": 1,
            "teams": [
                21,
                22,
                23,
                24
            ]
        }
    },
    {
        "model": "tournaments.pool",
        "pk": 10,
        "fields": {
            "number": 7,
            "tournament": 1,
            "teams": [
                25,
                26,
                27,
                28
            ]
        }
    },
    {
        "model": "tournaments.pool",
        "pk": 11,
        "fields": {
            "number": 8,
            "tournament": 1,
            "teams": [
                28,
                29,
                30,
                31
            ]
        }
    },
    {
        "model": "tournaments.place",
        "pk": 1,
        "fields": {
            "name": "Teste 1",
            "longitude": 43.62490323166619,
            "latitude": 1.4515868802620493
        }
    },
    {
        "model": "tournaments.place",
        "pk": 2,
        "fields": {
            "name": "Teste 2",
            "longitude": 43.85944079178446,
            "latitude": -0.3535189199464208
        }
    },
    {
        "model": "tournaments.place",
        "pk": 3,
        "fields": {
            "name": "Stade de France",
            "longitude": 48.92463346,
            "latitude": 2.36009455
        }
    },
    {
        "model": "tournaments.place",
        "pk": 4,
        "fields": {
            "name": "Stade Velodrome",
            "longitude": 43.27031043,
            "latitude": 5.395912578
        }
    },
    {
        "model": "tournaments.place",
        "pk": 5,
        "fields": {
            "name": "Groupama Stadium",
            "longitude": 45.76590842,
            "latitude": 4.981564253
        }
    },
    {
        "model": "tournaments.place",
        "pk": 6,
        "fields": {
            "name": "Decathlon Arena - Stade Pierre Mauroy",
            "longitude": 50.61233455,
            "latitude": 3.130584855
        }
    },
    {
        "model": "tournaments.place",
        "pk": 7,
        "fields": {
            "name": "Le Parc des Princes",
            "longitude": 48.85545402,
            "latitude": 2.251242301
        }
    },
    {
        "model": "tournaments.place",
        "pk": 8,
        "fields": {
            "name": "Matmut-Atlantique",
            "longitude": 44.89792639,
            "latitude": -0.561590403
        }
    },
    {
        "model": "tournaments.place",
        "pk": 9,
        "fields": {
            "name": "Geoffroy-Guichard",
            "longitude": 45.46115712,
            "latitude": 4.39002527
        }
    },
    {
        "model": "tournaments.place",
        "pk": 10,
        "fields": {
            "name": "Bollaert-Delelis",
            "longitude": 50.43333097,
            "latitude": 2.815088021
        }
    },
    {
        "model": "tournaments.place",
        "pk": 11,
        "fields": {
            "name": "Allianz Riviera",
            "longitude": 43.70527571,
            "latitude": 7.192647051
        }
    },
    {
        "model": "tournaments.place",
        "pk": 12,
        "fields": {
            "name": "Estádio Beaujoire",
            "longitude": 47.25623403,
            "latitude": -1.524719917
        }
    },
    {
        "model": "tournaments.place",
        "pk": 13,
        "fields": {
            "name": "Matmut Stadium Gerland",
            "longitude": 45.72417883,
            "latitude": 4.832084829
        }
    },
    {
        "model": "tournaments.place",
        "pk": 14,
        "fields": {
            "name": "Estádio Chaban-Delmas",
            "longitude": 44.8294069,
            "latitude": -0.598271049
        }
    },
    {
        "model": "tournaments.place",
        "pk": 15,
        "fields": {
            "name": "Stade toulouse",
            "longitude": 44.82939168,
            "latitude": -0.598292507
        }
    },
    {
        "model": "tournaments.place",
        "pk": 16,
        "fields": {
            "name": "Paris La Defense Arena",
            "longitude": 48.89503642,
            "latitude": 2.229553446
        }
    },
    {
        "model": "tournaments.match",
        "pk": 37,
        "fields": {
            "date": "2005-05-01",
            "hour": "10h - 12h",
            "place": "France",
            "team1": 5,
            "score1": 6,
            "team2": 6,
            "score2": 2,
            "pool": 1,
            "localisation": 3,
            "round": 1
        }
    },
    {
        "model": "tournaments.match",
        "pk": 38,
        "fields": {
            "date": "2005-05-01",
            "hour": "10h - 12h",
            "place": "France",
            "team1": 5,
            "score1": 2,
            "team2": 7,
            "score2": 0,
            "pool": 1,
            "localisation": 3,
            "round": 1
        }
    },
    {
        "model": "tournaments.match",
        "pk": 39,
        "fields": {
            "date": "2005-05-01",
            "hour": "10h - 12h",
            "place": "France",
            "team1": 5,
            "score1": 2,
            "team2": 8,
            "score2": 4,
            "pool": 1,
            "localisation": 3,
            "round": 1
        }
    },
    {
        "model": "tournaments.match",
        "pk": 40,
        "fields": {
            "date": "2005-05-01",
            "hour": "10h - 12h",
            "place": "France",
            "team1": 6,
            "score1": 1,
            "team2": 7,
            "score2": 7,
            "pool": 1,
            "localisation": 3,
            "round": 1
        }
    },
    {
        "model": "tournaments.match",
        "pk": 41,
        "fields": {
            "date": "2005-05-01",
            "hour": "10h - 12h",
            "place": "France",
            "team1": 6,
            "score1": 2,
            "team2": 8,
            "score2": 3,
            "pool": 1,
            "localisation": 3,
            "round": 1
        }
    },
    {
        "model": "tournaments.match",
        "pk": 42,
        "fields": {
            "date": "2005-05-01",
            "hour": "10h - 12h",
            "place": "France",
            "team1": 7,
            "score1": 2,
            "team2": 8,
            "score2": 6,
            "pool": 1,
            "localisation": 3,
            "round": 1
        }
    },
    {
        "model": "tournaments.match",
        "pk": 43,
        "fields": {
            "date": "2005-05-01",
            "hour": "10h - 12h",
            "place": "France",
            "team1": 1,
            "score1": 6,
            "team2": 2,
            "score2": 1,
            "pool": 3,
            "localisation": 3,
            "round": 1
        }
    },
    {
        "model": "tournaments.match",
        "pk": 44,
        "fields": {
            "date": "2005-05-01",
            "hour": "10h - 12h",
            "place": "France",
            "team1": 1,
            "score1": 6,
            "team2": 3,
            "score2": 2,
            "pool": 3,
            "localisation": 3,
            "round": 1
        }
    },
    {
        "model": "tournaments.match",
        "pk": 45,
        "fields": {
            "date": "2005-05-01",
            "hour": "10h - 12h",
            "place": "France",
            "team1": 1,
            "score1": 5,
            "team2": 4,
            "score2": 6,
            "pool": 3,
            "localisation": 3,
            "round": 1
        }
    },
    {
        "model": "tournaments.match",
        "pk": 46,
        "fields": {
            "date": "2005-05-01",
            "hour": "10h - 12h",
            "place": "France",
            "team1": 2,
            "score1": 1,
            "team2": 3,
            "score2": 7,
            "pool": 3,
            "localisation": 3,
            "round": 1
        }
    },
    {
        "model": "tournaments.match",
        "pk": 47,
        "fields": {
            "date": "2005-05-01",
            "hour": "10h - 12h",
            "place": "France",
            "team1": 2,
            "score1": 5,
            "team2": 4,
            "score2": 0,
            "pool": 3,
            "localisation": null,
            "round": 1
        }
    },
    {
        "model": "tournaments.match",
        "pk": 48,
        "fields": {
            "date": "2005-05-01",
            "hour": "10h - 12h",
            "place": "France",
            "team1": 3,
            "score1": 1,
            "team2": 4,
            "score2": 6,
            "pool": 3,
            "localisation": null,
            "round": 1
        }
    },
    {
        "model": "tournaments.match",
        "pk": 49,
        "fields": {
            "date": "2005-05-01",
            "hour": "10h - 12h",
            "place": "France",
            "team1": 9,
            "score1": 7,
            "team2": 10,
            "score2": 4,
            "pool": 6,
            "localisation": 3,
            "round": 1
        }
    },
    {
        "model": "tournaments.match",
        "pk": 50,
        "fields": {
            "date": "2005-05-01",
            "hour": "10h - 12h",
            "place": "France",
            "team1": 9,
            "score1": 7,
            "team2": 11,
            "score2": 2,
            "pool": 6,
            "localisation": 3,
            "round": 1
        }
    },
    {
        "model": "tournaments.match",
        "pk": 51,
        "fields": {
            "date": "2005-05-01",
            "hour": "10h - 12h",
            "place": "France",
            "team1": 9,
            "score1": 5,
            "team2": 12,
            "score2": 3,
            "pool": 6,
            "localisation": 3,
            "round": 1
        }
    },
    {
        "model": "tournaments.match",
        "pk": 52,
        "fields": {
            "date": "2005-05-01",
            "hour": "10h - 12h",
            "place": "France",
            "team1": 10,
            "score1": 6,
            "team2": 11,
            "score2": 1,
            "pool": 6,
            "localisation": 3,
            "round": 1
        }
    },
    {
        "model": "tournaments.match",
        "pk": 53,
        "fields": {
            "date": "2005-05-01",
            "hour": "10h - 12h",
            "place": "France",
            "team1": 10,
            "score1": 1,
            "team2": 12,
            "score2": 7,
            "pool": 6,
            "localisation": 3,
            "round": 1
        }
    },
    {
        "model": "tournaments.match",
        "pk": 54,
        "fields": {
            "date": "2005-05-01",
            "hour": "10h - 12h",
            "place": "France",
            "team1": 11,
            "score1": 4,
            "team2": 12,
            "score2": 5,
            "pool": 6,
            "localisation": null,
            "round": 1
        }
    },
    {
        "model": "tournaments.match",
        "pk": 55,
        "fields": {
            "date": "2005-05-01",
            "hour": "10h - 12h",
            "place": "France",
            "team1": 13,
            "score1": 5,
            "team2": 14,
            "score2": 4,
            "pool": 7,
            "localisation": null,
            "round": 1
        }
    },
    {
        "model": "tournaments.match",
        "pk": 56,
        "fields": {
            "date": "2005-05-01",
            "hour": "10h - 12h",
            "place": "France",
            "team1": 13,
            "score1": 2,
            "team2": 15,
            "score2": 5,
            "pool": 7,
            "localisation": null,
            "round": 1
        }
    },
    {
        "model": "tournaments.match",
        "pk": 57,
        "fields": {
            "date": "2005-05-01",
            "hour": "10h - 12h",
            "place": "France",
            "team1": 13,
            "score1": 7,
            "team2": 16,
            "score2": 2,
            "pool": 7,
            "localisation": null,
            "round": 1
        }
    },
    {
        "model": "tournaments.match",
        "pk": 58,
        "fields": {
            "date": "2005-05-01",
            "hour": "10h - 12h",
            "place": "France",
            "team1": 14,
            "score1": 7,
            "team2": 15,
            "score2": 7,
            "pool": 7,
            "localisation": null,
            "round": 1
        }
    },
    {
        "model": "tournaments.match",
        "pk": 59,
        "fields": {
            "date": "2005-05-01",
            "hour": "10h - 12h",
            "place": "France",
            "team1": 14,
            "score1": 6,
            "team2": 16,
            "score2": 5,
            "pool": 7,
            "localisation": null,
            "round": 1
        }
    },
    {
        "model": "tournaments.match",
        "pk": 60,
        "fields": {
            "date": "2005-05-01",
            "hour": "10h - 12h",
            "place": "France",
            "team1": 15,
            "score1": 7,
            "team2": 16,
            "score2": 3,
            "pool": 7,
            "localisation": null,
            "round": 1
        }
    },
    {
        "model": "tournaments.match",
        "pk": 61,
        "fields": {
            "date": "2005-05-01",
            "hour": "10h - 12h",
            "place": "France",
            "team1": 17,
            "score1": 6,
            "team2": 18,
            "score2": 7,
            "pool": 8,
            "localisation": null,
            "round": 1
        }
    },
    {
        "model": "tournaments.match",
        "pk": 62,
        "fields": {
            "date": "2005-05-01",
            "hour": "10h - 12h",
            "place": "France",
            "team1": 17,
            "score1": 4,
            "team2": 19,
            "score2": 4,
            "pool": 8,
            "localisation": null,
            "round": 1
        }
    },
    {
        "model": "tournaments.match",
        "pk": 63,
        "fields": {
            "date": "2005-05-01",
            "hour": "10h - 12h",
            "place": "France",
            "team1": 17,
            "score1": 7,
            "team2": 20,
            "score2": 1,
            "pool": 8,
            "localisation": null,
            "round": 1
        }
    },
    {
        "model": "tournaments.match",
        "pk": 64,
        "fields": {
            "date": "2005-05-01",
            "hour": "10h - 12h",
            "place": "France",
            "team1": 18,
            "score1": 2,
            "team2": 19,
            "score2": 2,
            "pool": 8,
            "localisation": null,
            "round": 1
        }
    },
    {
        "model": "tournaments.match",
        "pk": 65,
        "fields": {
            "date": "2005-05-01",
            "hour": "10h - 12h",
            "place": "France",
            "team1": 18,
            "score1": 4,
            "team2": 20,
            "score2": 5,
            "pool": 8,
            "localisation": null,
            "round": 1
        }
    },
    {
        "model": "tournaments.match",
        "pk": 66,
        "fields": {
            "date": "2005-05-01",
            "hour": "10h - 12h",
            "place": "France",
            "team1": 19,
            "score1": 7,
            "team2": 20,
            "score2": 2,
            "pool": 8,
            "localisation": null,
            "round": 1
        }
    },
    {
        "model": "tournaments.match",
        "pk": 67,
        "fields": {
            "date": "2005-05-01",
            "hour": "10h - 12h",
            "place": "France",
            "team1": 21,
            "score1": 2,
            "team2": 22,
            "score2": 3,
            "pool": 9,
            "localisation": null,
            "round": 1
        }
    },
    {
        "model": "tournaments.match",
        "pk": 68,
        "fields": {
            "date": "2005-05-01",
            "hour": "10h - 12h",
            "place": "France",
            "team1": 21,
            "score1": 7,
            "team2": 23,
            "score2": 1,
            "pool": 9,
            "localisation": null,
            "round": 1
        }
    },
    {
        "model": "tournaments.match",
        "pk": 69,
        "fields": {
            "date": "2005-05-01",
            "hour": "10h - 12h",
            "place": "France",
            "team1": 21,
            "score1": 5,
            "team2": 24,
            "score2": 7,
            "pool": 9,
            "localisation": null,
            "round": 1
        }
    },
    {
        "model": "tournaments.match",
        "pk": 70,
        "fields": {
            "date": "2005-05-01",
            "hour": "10h - 12h",
            "place": "France",
            "team1": 22,
            "score1": 3,
            "team2": 23,
            "score2": 5,
            "pool": 9,
            "localisation": null,
            "round": 1
        }
    },
    {
        "model": "tournaments.match",
        "pk": 71,
        "fields": {
            "date": "2005-05-01",
            "hour": "10h - 12h",
            "place": "France",
            "team1": 22,
            "score1": 3,
            "team2": 24,
            "score2": 4,
            "pool": 9,
            "localisation": null,
            "round": 1
        }
    },
    {
        "model": "tournaments.match",
        "pk": 72,
        "fields": {
            "date": "2005-05-01",
            "hour": "10h - 12h",
            "place": "France",
            "team1": 23,
            "score1": 5,
            "team2": 24,
            "score2": 7,
            "pool": 9,
            "localisation": null,
            "round": 1
        }
    },
    {
        "model": "tournaments.match",
        "pk": 73,
        "fields": {
            "date": "2005-05-01",
            "hour": "10h - 12h",
            "place": "France",
            "team1": 25,
            "score1": 7,
            "team2": 26,
            "score2": 2,
            "pool": 10,
            "localisation": null,
            "round": 1
        }
    },
    {
        "model": "tournaments.match",
        "pk": 74,
        "fields": {
            "date": "2005-05-01",
            "hour": "10h - 12h",
            "place": "France",
            "team1": 25,
            "score1": 4,
            "team2": 27,
            "score2": 7,
            "pool": 10,
            "localisation": null,
            "round": 1
        }
    },
    {
        "model": "tournaments.match",
        "pk": 75,
        "fields": {
            "date": "2005-05-01",
            "hour": "10h - 12h",
            "place": "France",
            "team1": 25,
            "score1": 5,
            "team2": 28,
            "score2": 3,
            "pool": 10,
            "localisation": null,
            "round": 1
        }
    },
    {
        "model": "tournaments.match",
        "pk": 76,
        "fields": {
            "date": "2005-05-01",
            "hour": "10h - 12h",
            "place": "France",
            "team1": 26,
            "score1": 2,
            "team2": 27,
            "score2": 4,
            "pool": 10,
            "localisation": null,
            "round": 1
        }
    },
    {
        "model": "tournaments.match",
        "pk": 77,
        "fields": {
            "date": "2005-05-01",
            "hour": "10h - 12h",
            "place": "France",
            "team1": 26,
            "score1": 0,
            "team2": 28,
            "score2": 7,
            "pool": 10,
            "localisation": null,
            "round": 1
        }
    },
    {
        "model": "tournaments.match",
        "pk": 78,
        "fields": {
            "date": "2005-05-01",
            "hour": "10h - 12h",
            "place": "France",
            "team1": 27,
            "score1": 1,
            "team2": 28,
            "score2": 1,
            "pool": 10,
            "localisation": null,
            "round": 1
        }
    },
    {
        "model": "tournaments.match",
        "pk": 79,
        "fields": {
            "date": "2005-05-01",
            "hour": "10h - 12h",
            "place": "France",
            "team1": 28,
            "score1": 2,
            "team2": 29,
            "score2": 4,
            "pool": 11,
            "localisation": null,
            "round": 1
        }
    },
    {
        "model": "tournaments.match",
        "pk": 80,
        "fields": {
            "date": "2005-05-01",
            "hour": "10h - 12h",
            "place": "France",
            "team1": 28,
            "score1": 5,
            "team2": 30,
            "score2": 5,
            "pool": 11,
            "localisation": null,
            "round": 1
        }
    },
    {
        "model": "tournaments.match",
        "pk": 81,
        "fields": {
            "date": "2005-05-01",
            "hour": "10h - 12h",
            "place": "France",
            "team1": 28,
            "score1": 1,
            "team2": 31,
            "score2": 3,
            "pool": 11,
            "localisation": null,
            "round": 1
        }
    },
    {
        "model": "tournaments.match",
        "pk": 82,
        "fields": {
            "date": "2005-05-01",
            "hour": "10h - 12h",
            "place": "France",
            "team1": 29,
            "score1": 7,
            "team2": 30,
            "score2": 5,
            "pool": 11,
            "localisation": null,
            "round": 1
        }
    },
    {
        "model": "tournaments.match",
        "pk": 83,
        "fields": {
            "date": "2005-05-01",
            "hour": "10h - 12h",
            "place": "France",
            "team1": 29,
            "score1": 7,
            "team2": 31,
            "score2": 2,
            "pool": 11,
            "localisation": null,
            "round": 1
        }
    },
    {
        "model": "tournaments.match",
        "pk": 84,
        "fields": {
            "date": "2005-05-01",
            "hour": "10h - 12h",
            "place": "France",
            "team1": 30,
            "score1": 0,
            "team2": 31,
            "score2": 3,
            "pool": 11,
            "localisation": null,
            "round": 1
        }
    },
    {
        "model": "tournaments.match",
        "pk": 85,
        "fields": {
            "date": "2005-05-01",
            "hour": "10h - 12h",
            "place": "France",
            "team1": 28,
            "score1": 5,
            "team2": 29,
            "score2": 2,
            "pool": 11,
            "localisation": null,
            "round": 1
        }
    },
    {
        "model": "tournaments.match",
        "pk": 86,
        "fields": {
            "date": "2005-05-01",
            "hour": "10h - 12h",
            "place": "France",
            "team1": 28,
            "score1": 0,
            "team2": 30,
            "score2": 4,
            "pool": 11,
            "localisation": null,
            "round": 1
        }
    },
    {
        "model": "tournaments.match",
        "pk": 87,
        "fields": {
            "date": "2005-05-01",
            "hour": "10h - 12h",
            "place": "France",
            "team1": 28,
            "score1": 1,
            "team2": 31,
            "score2": 6,
            "pool": 11,
            "localisation": null,
            "round": 1
        }
    },
    {
        "model": "tournaments.match",
        "pk": 88,
        "fields": {
            "date": "2005-05-01",
            "hour": "10h - 12h",
            "place": "France",
            "team1": 29,
            "score1": 3,
            "team2": 30,
            "score2": 5,
            "pool": 11,
            "localisation": null,
            "round": 1
        }
    },
    {
        "model": "tournaments.match",
        "pk": 89,
        "fields": {
            "date": "2005-05-01",
            "hour": "10h - 12h",
            "place": "France",
            "team1": 29,
            "score1": 4,
            "team2": 31,
            "score2": 6,
            "pool": 11,
            "localisation": null,
            "round": 1
        }
    },
    {
        "model": "tournaments.match",
        "pk": 90,
        "fields": {
            "date": "2005-05-01",
            "hour": "10h - 12h",
            "place": "France",
            "team1": 30,
            "score1": 0,
            "team2": 31,
            "score2": 2,
            "pool": 11,
            "localisation": null,
            "round": 1
        }
    },
    {
        "model": "tournaments.match",
        "pk": 91,
        "fields": {
            "date": "2005-05-01",
            "hour": "10h - 12h",
            "place": "France",
            "team1": 28,
            "score1": 6,
            "team2": 29,
            "score2": 3,
            "pool": 11,
            "localisation": null,
            "round": 1
        }
    },
    {
        "model": "tournaments.match",
        "pk": 92,
        "fields": {
            "date": "2005-05-01",
            "hour": "10h - 12h",
            "place": "France",
            "team1": 28,
            "score1": 1,
            "team2": 30,
            "score2": 5,
            "pool": 11,
            "localisation": null,
            "round": 1
        }
    },
    {
        "model": "tournaments.match",
        "pk": 93,
        "fields": {
            "date": "2005-05-01",
            "hour": "10h - 12h",
            "place": "France",
            "team1": 28,
            "score1": 3,
            "team2": 31,
            "score2": 3,
            "pool": 11,
            "localisation": null,
            "round": 1
        }
    },
    {
        "model": "tournaments.match",
        "pk": 94,
        "fields": {
            "date": "2005-05-01",
            "hour": "10h - 12h",
            "place": "France",
            "team1": 29,
            "score1": 2,
            "team2": 30,
            "score2": 2,
            "pool": 11,
            "localisation": null,
            "round": 1
        }
    },
    {
        "model": "tournaments.match",
        "pk": 95,
        "fields": {
            "date": "2005-05-01",
            "hour": "10h - 12h",
            "place": "France",
            "team1": 29,
            "score1": 4,
            "team2": 31,
            "score2": 7,
            "pool": 11,
            "localisation": null,
            "round": 1
        }
    },
    {
        "model": "tournaments.match",
        "pk": 96,
        "fields": {
            "date": "2005-05-01",
            "hour": "10h - 12h",
            "place": "France",
            "team1": 30,
            "score1": 5,
            "team2": 31,
            "score2": 3,
            "pool": 11,
            "localisation": null,
            "round": 1
        }
    },
    {
        "model": "tournaments.match",
        "pk": 97,
        "fields": {
            "date": "2005-05-01",
            "hour": "10h - 12h",
            "place": "France",
            "team1": 8,
            "score1": 0,
            "team2": 13,
            "score2": 0,
            "pool": 3,
            "localisation": null,
            "round": 1
        }
    },
    {
        "model": "tournaments.match",
        "pk": 98,
        "fields": {
            "date": "2005-05-01",
            "hour": "10h - 12h",
            "place": "France",
            "team1": 1,
            "score1": 0,
            "team2": 5,
            "score2": 0,
            "pool": 3,
            "localisation": null,
            "round": 1
        }
    },
    {
        "model": "tournaments.match",
        "pk": 99,
        "fields": {
            "date": "2005-05-01",
            "hour": "10h - 12h",
            "place": "France",
            "team1": 9,
            "score1": 0,
            "team2": 25,
            "score2": 0,
            "pool": 3,
            "localisation": null,
            "round": 1
        }
    },
    {
        "model": "tournaments.match",
        "pk": 100,
        "fields": {
            "date": "2005-05-01",
            "hour": "10h - 12h",
            "place": "France",
            "team1": 15,
            "score1": 0,
            "team2": 30,
            "score2": 0,
            "pool": 3,
            "localisation": null,
            "round": 1
        }
    },
    {
        "model": "tournaments.match",
        "pk": 101,
        "fields": {
            "date": "2005-05-01",
            "hour": "10h - 12h",
            "place": "France",
            "team1": 19,
            "score1": 0,
            "team2": 4,
            "score2": 0,
            "pool": 3,
            "localisation": null,
            "round": 1
        }
    },
    {
        "model": "tournaments.match",
        "pk": 102,
        "fields": {
            "date": "2005-05-01",
            "hour": "10h - 12h",
            "place": "France",
            "team1": 24,
            "score1": 0,
            "team2": 17,
            "score2": 0,
            "pool": 3,
            "localisation": null,
            "round": 1
        }
    },
    {
        "model": "tournaments.match",
        "pk": 103,
        "fields": {
            "date": "2005-05-01",
            "hour": "10h - 12h",
            "place": "France",
            "team1": 27,
            "score1": 0,
            "team2": 21,
            "score2": 0,
            "pool": 3,
            "localisation": null,
            "round": 1
        }
    },
    {
        "model": "tournaments.match",
        "pk": 104,
        "fields": {
            "date": "2005-05-01",
            "hour": "10h - 12h",
            "place": "France",
            "team1": 31,
            "score1": 0,
            "team2": 12,
            "score2": 0,
            "pool": 3,
            "localisation": null,
            "round": 1
        }
    },
    {
        "model": "tournaments.finalround",
        "pk": 2,
        "fields": {
            "tournament": 1,
            "rounds": 2,
            "matches": [
                97,
                98,
                99,
                100,
                101,
                102,
                103,
                104
            ]
        }
    },
    {
        "model": "auth.user",
        "pk": 1,
        "fields": {
            "password": "pbkdf2_sha256$600000$RM0SVTR3NF5UMfEKtEllig$qzxT2nNW1MlY14jarMhFYuCLErVUjP9zv9uX+FZPfxc=",
            "last_login": "2023-05-04T11:30:09.220Z",
            "is_superuser": true,
            "username": "admin",
            "first_name": "",
            "last_name": "",
            "email": "clement.lopez@student.isae-supaero.fr",
            "is_staff": true,
            "is_active": true,
            "date_joined": "2023-04-17T13:49:34.042Z",
            "groups": [],
            "user_permissions": []
        }
    },
    {
        "model": "auth.user",
        "pk": 2,
        "fields": {
            "password": "pbkdf2_sha256$600000$t8HwBMLqDO7uCSkiNdgISN$mcT85hmyQAdDX/FT0zceX2480I3mawnRfFN4viLsgaU=",
            "last_login": "2023-04-21T12:11:34.588Z",
            "is_superuser": false,
            "username": "bb",
            "first_name": "Barbie",
            "last_name": "Chaite",
            "email": "barbie.chaite@gmail.com",
            "is_staff": false,
            "is_active": true,
            "date_joined": "2023-04-19T10:08:58Z",
            "groups": [],
            "user_permissions": []
        }
    },
    {
        "model": "auth.user",
        "pk": 3,
        "fields": {
            "password": "pbkdf2_sha256$600000$zCWRusGZCFkNiWvfLv8CVX$YSxf4lCoP9ANaI6IbN+iAnC+uXYKWonQo3tNPu2RUTI=",
            "last_login": "2023-04-29T10:57:05.829Z",
            "is_superuser": true,
            "username": "Marcos",
            "first_name": "",
            "last_name": "",
            "email": "vinmarcos19@gmail.com",
            "is_staff": true,
            "is_active": true,
            "date_joined": "2023-04-29T10:56:23.808Z",
            "groups": [],
            "user_permissions": []
        }
    },
    {
        "model": "auth.user",
        "pk": 4,
        "fields": {
            "password": "pbkdf2_sha256$600000$7PDhMmvmui4ibTOrkfzj6L$BjFQmmKU3jd90OoLRbVKVgaJh5bSfkj1aZhzi+qUqaU=",
            "last_login": "2023-04-29T10:59:25.370Z",
            "is_superuser": false,
            "username": "Marquinhos",
            "first_name": "",
            "last_name": "",
            "email": "",
            "is_staff": false,
            "is_active": true,
            "date_joined": "2023-04-29T10:58:41.283Z",
            "groups": [],
            "user_permissions": []
        }
    },
    {
        "model": "auth.user",
        "pk": 5,
        "fields": {
            "password": "pbkdf2_sha256$600000$sIliWlezUc0wpV6z1uuOFL$9bHF/RPkXRbnSJkwq1fxV4EZrAjNhecwKI+0pF+Tc6E=",
            "last_login": "2023-05-03T06:03:58.561Z",
            "is_superuser": true,
            "username": "marcoss",
            "first_name": "",
            "last_name": "",
            "email": "vinmarcos@gmail.com",
            "is_staff": true,
            "is_active": true,
            "date_joined": "2023-05-02T20:26:44.601Z",
            "groups": [],
            "user_permissions": []
        }
    }
]